Sum of Total Volume,Column Labels,,,,,,,,,,,,,,,,,,,,,,,,,,,,,,,,,,,,,,,,,,,,,,,,,,,,,,
Row Labels,TotalUS,West,California,SouthCentral,Northeast,Southeast,GreatLakes,Midsouth,LosAngeles,Plains,NewYork,DallasFtWorth,Houston,PhoenixTucson,WestTexNewMexico,Denver,SanFrancisco,BaltimoreWashington,Chicago,Portland,Seattle,MiamiFtLauderdale,Boston,SanDiego,Atlanta,Sacramento,Philadelphia,NorthernNewEngland,Tampa,Detroit,SouthCarolina,Orlando,LasVegas,HartfordSpringfield,RaleighGreensboro,NewOrleansMobile,CincinnatiDayton,RichmondNorfolk,HarrisburgScranton,Nashville,Charlotte,StLouis,Indianapolis,GrandRapids,Columbus,Jacksonville,Roanoke,BuffaloRochester,Pittsburgh,Louisville,Albany,Spokane,Boise,Syracuse,Grand Total
2015," 1,657,255,221 "," 304,670,320 "," 301,407,433 "," 290,454,594 "," 203,378,986 "," 160,095,209 "," 169,387,975 "," 140,221,916 "," 148,220,693 "," 87,638,791 "," 70,607,636 "," 60,311,309 "," 55,387,471 "," 57,176,285 "," 41,523,998 "," 39,190,343 "," 39,445,802 "," 40,645,580 "," 41,494,717 "," 27,943,455 "," 29,057,099 "," 25,166,512 "," 27,454,992 "," 26,585,726 "," 23,231,698 "," 21,980,538 "," 20,892,220 "," 20,094,626 "," 17,131,598 "," 17,979,579 "," 16,245,867 "," 14,719,576 "," 15,542,429 "," 15,162,243 "," 12,817,334 "," 12,664,308 "," 11,756,176 "," 11,651,079 "," 11,637,905 "," 8,661,916 "," 9,487,343 "," 9,902,575 "," 8,189,062 "," 9,740,943 "," 7,849,782 "," 7,176,477 "," 6,778,813 "," 5,893,235 "," 4,540,000 "," 4,289,003 "," 4,029,896 "," 4,181,687 "," 3,784,357 "," 2,734,333 "," 4,385,468,662 "
Jan," 120,453,518 "," 22,893,134 "," 22,920,433 "," 21,249,906 "," 13,294,622 "," 11,111,798 "," 12,622,568 "," 9,956,952 "," 10,722,982 "," 6,404,105 "," 4,623,953 "," 4,360,935 "," 4,164,705 "," 4,535,360 "," 2,819,489 "," 2,956,419 "," 3,412,453 "," 2,883,524 "," 3,183,214 "," 2,141,318 "," 2,199,924 "," 1,693,236 "," 1,748,752 "," 1,938,714 "," 1,728,320 "," 1,650,459 "," 1,425,892 "," 1,264,518 "," 1,070,887 "," 1,301,707 "," 1,187,832 "," 894,652 "," 1,099,304 "," 1,047,975 "," 878,745 "," 1,011,212 "," 859,519 "," 764,751 "," 781,660 "," 610,741 "," 656,638 "," 725,479 "," 603,037 "," 741,810 "," 534,826 "," 467,874 "," 478,202 "," 448,934 "," 275,528 "," 353,647 "," 176,518 "," 307,267 "," 274,362 "," 170,899 "," 318,085,210 "
Feb," 137,503,440 "," 26,096,212 "," 27,136,965 "," 23,536,576 "," 15,026,038 "," 13,007,775 "," 13,307,409 "," 11,823,926 "," 12,737,719 "," 7,568,541 "," 5,267,939 "," 4,784,750 "," 4,545,008 "," 5,065,681 "," 3,185,020 "," 3,379,946 "," 3,901,284 "," 3,322,599 "," 3,407,409 "," 2,234,584 "," 2,493,972 "," 1,831,916 "," 1,866,964 "," 2,201,152 "," 1,969,062 "," 2,028,695 "," 1,749,678 "," 1,357,197 "," 1,319,270 "," 1,343,855 "," 1,380,968 "," 1,135,751 "," 1,215,402 "," 1,124,818 "," 1,074,582 "," 1,110,280 "," 883,601 "," 970,673 "," 916,913 "," 724,431 "," 776,563 "," 862,043 "," 660,230 "," 711,741 "," 581,593 "," 563,433 "," 597,972 "," 509,749 "," 316,311 "," 405,863 "," 214,704 "," 374,299 "," 329,649 "," 195,451 "," 362,637,599 "
Mar," 158,757,311 "," 29,205,520 "," 29,837,949 "," 28,939,747 "," 17,435,808 "," 15,506,342 "," 16,689,795 "," 12,917,919 "," 13,827,450 "," 8,224,231 "," 6,031,018 "," 6,132,195 "," 5,407,997 "," 5,786,424 "," 4,058,370 "," 3,517,609 "," 4,374,888 "," 3,673,052 "," 4,095,628 "," 2,477,870 "," 2,680,098 "," 2,399,743 "," 2,231,137 "," 2,566,218 "," 2,236,039 "," 2,146,573 "," 1,883,814 "," 1,674,103 "," 1,597,989 "," 1,728,061 "," 1,598,992 "," 1,356,537 "," 1,548,141 "," 1,299,504 "," 1,177,425 "," 1,239,312 "," 1,117,091 "," 1,026,290 "," 1,046,821 "," 794,967 "," 900,504 "," 862,462 "," 799,606 "," 1,001,270 "," 767,369 "," 695,081 "," 616,540 "," 589,865 "," 445,523 "," 394,097 "," 260,516 "," 403,817 "," 357,270 "," 243,173 "," 418,583,070 "
Apr," 130,552,492 "," 25,203,480 "," 22,390,827 "," 23,748,716 "," 14,339,385 "," 12,917,944 "," 13,336,062 "," 11,071,592 "," 10,836,846 "," 7,544,486 "," 5,037,855 "," 4,876,449 "," 4,410,966 "," 5,040,996 "," 3,687,948 "," 3,129,463 "," 3,087,772 "," 3,096,271 "," 3,243,761 "," 2,208,278 "," 2,090,667 "," 2,126,442 "," 1,841,870 "," 1,952,019 "," 1,737,203 "," 1,605,501 "," 1,495,880 "," 1,304,427 "," 1,374,384 "," 1,429,439 "," 1,326,428 "," 1,175,080 "," 1,442,626 "," 1,059,143 "," 1,062,856 "," 1,015,307 "," 887,849 "," 931,404 "," 903,357 "," 646,618 "," 760,159 "," 749,760 "," 643,037 "," 810,003 "," 609,505 "," 588,307 "," 576,528 "," 530,247 "," 312,736 "," 331,828 "," 199,983 "," 327,284 "," 329,874 "," 205,055 "," 344,144,395 "
May," 182,752,154 "," 31,910,488 "," 33,034,580 "," 31,314,366 "," 23,513,965 "," 18,221,447 "," 18,438,434 "," 15,880,166 "," 16,400,578 "," 10,438,708 "," 8,161,471 "," 6,413,475 "," 5,928,787 "," 5,967,458 "," 4,801,198 "," 3,668,815 "," 4,366,759 "," 4,483,920 "," 4,441,443 "," 3,161,394 "," 3,115,313 "," 2,993,525 "," 2,930,761 "," 2,895,409 "," 2,667,918 "," 2,407,616 "," 2,379,451 "," 2,333,952 "," 1,866,275 "," 1,979,903 "," 1,884,121 "," 1,668,106 "," 1,647,487 "," 1,714,787 "," 1,457,552 "," 1,341,924 "," 1,252,446 "," 1,427,222 "," 1,357,944 "," 931,070 "," 1,081,054 "," 1,182,117 "," 863,574 "," 1,012,288 "," 909,699 "," 835,903 "," 805,093 "," 718,109 "," 651,723 "," 438,363 "," 495,256 "," 474,138 "," 427,097 "," 337,244 "," 483,784,045 "
Jun," 144,304,088 "," 26,356,396 "," 25,175,395 "," 25,905,139 "," 18,121,592 "," 14,183,441 "," 14,477,172 "," 12,201,394 "," 13,092,335 "," 7,883,558 "," 6,117,156 "," 5,292,013 "," 5,080,823 "," 5,162,831 "," 4,029,476 "," 3,080,883 "," 2,865,966 "," 3,524,851 "," 3,356,591 "," 2,378,967 "," 2,333,894 "," 2,242,309 "," 2,363,181 "," 2,373,826 "," 2,026,686 "," 1,752,457 "," 1,754,220 "," 1,876,898 "," 1,499,879 "," 1,616,109 "," 1,466,387 "," 1,330,690 "," 1,400,820 "," 1,351,361 "," 1,092,262 "," 1,115,336 "," 987,177 "," 1,068,124 "," 1,055,629 "," 733,378 "," 817,561 "," 826,736 "," 740,012 "," 836,612 "," 704,182 "," 657,863 "," 594,383 "," 539,156 "," 383,520 "," 337,215 "," 412,102 "," 349,097 "," 332,292 "," 265,320 "," 381,826,744 "
Jul," 135,088,854 "," 23,936,507 "," 23,404,583 "," 23,693,377 "," 17,415,364 "," 13,732,685 "," 13,767,111 "," 11,664,799 "," 11,778,011 "," 7,474,430 "," 5,515,607 "," 4,892,327 "," 4,401,597 "," 4,336,398 "," 3,284,605 "," 3,151,814 "," 2,776,162 "," 3,358,909 "," 3,382,287 "," 2,152,560 "," 2,240,011 "," 2,132,537 "," 2,327,482 "," 2,081,471 "," 1,991,479 "," 1,804,036 "," 1,589,583 "," 2,077,921 "," 1,464,461 "," 1,429,739 "," 1,451,165 "," 1,288,298 "," 1,179,799 "," 1,265,841 "," 1,027,545 "," 1,063,071 "," 968,264 "," 995,770 "," 972,020 "," 722,120 "," 775,172 "," 894,333 "," 677,116 "," 730,285 "," 657,157 "," 621,644 "," 550,744 "," 495,633 "," 331,292 "," 341,575 "," 441,955 "," 338,724 "," 299,214 "," 266,428 "," 356,701,873 "
Aug," 158,191,824 "," 27,984,845 "," 28,580,804 "," 26,689,239 "," 21,397,538 "," 14,536,682 "," 16,745,993 "," 13,951,306 "," 14,905,807 "," 8,305,417 "," 7,366,832 "," 5,610,990 "," 4,770,679 "," 4,995,786 "," 4,040,654 "," 3,526,979 "," 3,202,481 "," 4,083,071 "," 3,982,957 "," 2,522,283 "," 2,724,357 "," 2,128,505 "," 2,959,164 "," 2,643,995 "," 2,174,571 "," 2,041,120 "," 2,085,034 "," 2,207,335 "," 1,517,963 "," 1,845,642 "," 1,596,619 "," 1,358,092 "," 1,527,953 "," 1,637,413 "," 1,282,968 "," 1,262,861 "," 1,171,707 "," 1,149,826 "," 1,192,993 "," 866,853 "," 935,216 "," 1,063,070 "," 751,724 "," 1,010,762 "," 769,386 "," 649,678 "," 617,605 "," 394,737 "," 475,086 "," 402,505 "," 458,631 "," 377,498 "," 333,470 "," 238,312 "," 419,244,815 "
Sep," 124,257,823 "," 22,646,749 "," 21,248,673 "," 22,201,839 "," 15,570,395 "," 12,153,432 "," 13,236,934 "," 10,910,230 "," 10,767,642 "," 6,289,571 "," 5,282,472 "," 4,752,507 "," 4,169,883 "," 4,077,873 "," 3,111,713 "," 3,031,727 "," 2,538,159 "," 3,199,022 "," 3,140,812 "," 2,124,203 "," 2,194,080 "," 1,851,905 "," 2,296,679 "," 1,946,347 "," 1,799,848 "," 1,579,561 "," 1,602,111 "," 1,672,222 "," 1,384,705 "," 1,403,935 "," 1,203,057 "," 1,141,403 "," 1,234,969 "," 1,125,294 "," 1,002,493 "," 900,847 "," 914,048 "," 898,463 "," 869,347 "," 712,298 "," 744,352 "," 737,664 "," 692,662 "," 780,463 "," 630,146 "," 539,612 "," 537,210 "," 314,872 "," 361,899 "," 324,005 "," 355,506 "," 296,464 "," 270,814 "," 187,894 "," 329,218,833 "
Oct," 115,231,050 "," 21,389,336 "," 19,928,057 "," 20,282,546 "," 15,282,879 "," 11,049,823 "," 11,764,533 "," 9,762,093 "," 10,004,633 "," 5,771,784 "," 5,403,265 "," 4,254,328 "," 3,880,562 "," 3,412,906 "," 2,634,430 "," 3,104,847 "," 2,536,071 "," 3,013,250 "," 2,844,427 "," 2,093,484 "," 2,268,068 "," 1,755,509 "," 2,313,074 "," 1,785,281 "," 1,585,945 "," 1,425,446 "," 1,670,329 "," 1,326,582 "," 1,312,099 "," 1,288,750 "," 1,002,709 "," 1,067,809 "," 1,079,966 "," 1,181,074 "," 850,664 "," 850,651 "," 881,141 "," 809,663 "," 869,241 "," 676,279 "," 626,248 "," 628,378 "," 588,286 "," 686,309 "," 552,758 "," 494,390 "," 484,445 "," 427,672 "," 319,434 "," 282,264 "," 289,126 "," 301,881 "," 259,942 "," 190,396 "," 305,776,111 "
Nov," 138,719,625 "," 25,260,792 "," 26,589,985 "," 23,468,190 "," 18,426,451 "," 13,091,804 "," 14,060,532 "," 11,360,650 "," 12,730,671 "," 6,461,220 "," 7,118,530 "," 4,912,485 "," 4,731,609 "," 4,519,821 "," 3,154,285 "," 3,790,983 "," 3,686,865 "," 3,453,341 "," 3,637,170 "," 2,309,207 "," 2,566,595 "," 2,240,316 "," 2,563,907 "," 2,274,545 "," 1,806,559 "," 2,032,170 "," 1,911,273 "," 1,664,833 "," 1,507,946 "," 1,466,574 "," 1,180,112 "," 1,276,933 "," 1,161,232 "," 1,349,630 "," 1,079,154 "," 976,514 "," 1,048,459 "," 922,561 "," 942,093 "," 691,242 "," 792,903 "," 751,566 "," 651,742 "," 802,866 "," 635,627 "," 593,345 "," 519,767 "," 513,010 "," 394,067 "," 375,432 "," 404,966 "," 327,743 "," 286,783 "," 243,352 "," 369,440,036 "
Dec," 111,443,042 "," 21,786,861 "," 21,159,180 "," 19,424,953 "," 13,554,950 "," 10,582,036 "," 10,941,433 "," 8,720,890 "," 10,416,019 "," 5,272,740 "," 4,681,537 "," 4,028,854 "," 3,894,855 "," 4,274,752 "," 2,716,811 "," 2,850,860 "," 2,696,941 "," 2,553,771 "," 2,779,017 "," 2,139,309 "," 2,150,121 "," 1,770,569 "," 2,012,020 "," 1,926,749 "," 1,508,067 "," 1,506,902 "," 1,344,953 "," 1,334,639 "," 1,215,739 "," 1,145,867 "," 967,478 "," 1,026,223 "," 1,004,729 "," 1,005,404 "," 831,089 "," 776,992 "," 784,876 "," 686,330 "," 729,887 "," 551,919 "," 620,973 "," 618,967 "," 518,036 "," 616,535 "," 497,534 "," 469,349 "," 400,323 "," 411,252 "," 272,881 "," 302,210 "," 320,633 "," 303,476 "," 283,591 "," 190,809 "," 296,025,932 "
2016," 1,819,159,143 "," 344,577,335 "," 326,188,383 "," 304,098,700 "," 218,931,086 "," 198,121,478 "," 177,740,030 "," 154,260,498 "," 163,142,303 "," 95,241,634 "," 71,546,563 "," 63,695,250 "," 58,704,786 "," 59,283,687 "," 43,807,432 "," 45,307,762 "," 41,529,628 "," 40,893,802 "," 39,612,636 "," 37,311,512 "," 37,188,418 "," 31,885,060 "," 30,571,315 "," 29,338,051 "," 28,326,878 "," 23,123,030 "," 22,108,096 "," 22,141,808 "," 21,680,749 "," 18,907,459 "," 18,702,858 "," 19,214,787 "," 16,907,014 "," 15,697,950 "," 14,567,854 "," 14,640,366 "," 14,020,866 "," 12,938,026 "," 13,124,824 "," 10,499,175 "," 10,586,721 "," 10,644,476 "," 9,164,454 "," 9,146,872 "," 9,059,467 "," 9,711,836 "," 7,686,817 "," 7,205,112 "," 5,516,198 "," 5,076,329 "," 5,264,336 "," 5,006,167 "," 4,653,510 "," 3,429,369 "," 4,820,889,892 "
Jan," 179,118,249 "," 35,835,896 "," 33,482,876 "," 27,152,751 "," 22,801,838 "," 17,792,741 "," 18,159,293 "," 15,213,851 "," 16,831,349 "," 8,679,005 "," 7,832,538 "," 5,373,594 "," 5,279,083 "," 5,620,562 "," 3,400,319 "," 5,940,193 "," 4,170,325 "," 4,293,033 "," 4,340,166 "," 3,694,989 "," 3,992,437 "," 2,766,908 "," 3,176,288 "," 3,130,578 "," 2,450,549 "," 2,266,011 "," 2,298,983 "," 2,267,936 "," 2,118,905 "," 2,021,556 "," 1,586,836 "," 1,725,107 "," 1,416,501 "," 1,690,220 "," 1,370,255 "," 1,352,833 "," 1,182,598 "," 1,272,925 "," 1,282,734 "," 948,839 "," 1,048,716 "," 1,035,507 "," 886,038 "," 1,048,565 "," 903,637 "," 808,732 "," 748,860 "," 729,784 "," 487,316 "," 528,914 "," 553,391 "," 517,054 "," 438,643 "," 338,957 "," 475,405,766 "
Feb," 161,566,818 "," 31,570,490 "," 30,822,252 "," 25,074,814 "," 19,685,047 "," 18,041,034 "," 14,904,890 "," 13,341,133 "," 15,602,775 "," 8,127,158 "," 7,036,326 "," 5,145,357 "," 4,582,567 "," 5,249,465 "," 3,886,678 "," 4,475,549 "," 3,768,722 "," 3,564,211 "," 3,596,771 "," 3,184,357 "," 3,299,902 "," 2,942,833 "," 2,676,761 "," 2,760,097 "," 2,197,858 "," 2,133,996 "," 1,988,408 "," 1,868,961 "," 2,055,935 "," 1,562,647 "," 1,645,629 "," 1,818,380 "," 1,499,732 "," 1,464,601 "," 1,249,627 "," 1,406,867 "," 1,000,593 "," 1,112,692 "," 1,090,699 "," 865,644 "," 952,592 "," 849,559 "," 812,029 "," 800,204 "," 707,091 "," 926,193 "," 630,891 "," 618,349 "," 378,640 "," 494,631 "," 460,531 "," 458,122 "," 391,784 "," 296,906 "," 428,645,802 "
Mar," 147,686,869 "," 28,937,696 "," 26,283,057 "," 24,909,595 "," 18,451,001 "," 14,587,340 "," 14,348,742 "," 12,488,636 "," 13,402,223 "," 7,680,802 "," 6,337,613 "," 5,140,859 "," 4,787,783 "," 5,354,612 "," 3,640,552 "," 3,508,344 "," 3,087,248 "," 3,401,178 "," 3,403,167 "," 3,078,561 "," 3,088,198 "," 2,237,771 "," 2,582,073 "," 2,531,660 "," 2,032,270 "," 1,780,764 "," 1,959,461 "," 1,765,790 "," 1,543,846 "," 1,546,783 "," 1,412,776 "," 1,394,109 "," 1,343,607 "," 1,322,611 "," 1,171,445 "," 1,123,137 "," 955,943 "," 1,027,500 "," 1,047,904 "," 738,718 "," 857,349 "," 746,556 "," 762,438 "," 845,691 "," 646,298 "," 708,297 "," 607,646 "," 615,017 "," 377,437 "," 422,182 "," 408,795 "," 405,835 "," 395,295 "," 291,330 "," 391,212,408 "
Apr," 151,936,061 "," 29,771,663 "," 26,697,041 "," 26,526,901 "," 16,803,175 "," 17,259,913 "," 14,479,133 "," 12,344,578 "," 12,854,457 "," 8,053,656 "," 5,145,735 "," 5,674,783 "," 5,291,684 "," 5,076,801 "," 3,596,533 "," 3,836,297 "," 3,523,617 "," 3,411,552 "," 3,407,277 "," 3,294,446 "," 3,397,849 "," 2,858,127 "," 2,515,103 "," 2,438,785 "," 2,214,480 "," 1,959,088 "," 1,639,268 "," 1,774,003 "," 1,926,470 "," 1,487,661 "," 1,562,279 "," 1,770,675 "," 1,457,745 "," 1,197,780 "," 1,157,934 "," 1,264,086 "," 908,170 "," 971,575 "," 1,001,094 "," 861,692 "," 854,566 "," 870,097 "," 772,304 "," 834,199 "," 730,975 "," 908,912 "," 598,428 "," 671,612 "," 412,701 "," 372,412 "," 349,324 "," 450,506 "," 384,216 "," 273,333 "," 401,832,752 "
May," 211,814,173 "," 39,186,979 "," 35,840,688 "," 34,532,845 "," 27,528,814 "," 24,614,793 "," 20,885,930 "," 17,612,081 "," 17,567,315 "," 11,612,044 "," 9,605,380 "," 7,136,647 "," 6,682,771 "," 6,483,071 "," 4,946,503 "," 5,135,326 "," 4,632,949 "," 4,770,762 "," 4,867,065 "," 4,434,488 "," 4,453,122 "," 3,994,983 "," 3,767,929 "," 3,124,875 "," 3,463,167 "," 2,522,886 "," 2,650,983 "," 2,593,816 "," 2,642,947 "," 2,045,260 "," 2,347,974 "," 2,437,635 "," 1,914,914 "," 2,020,566 "," 1,559,288 "," 1,936,131 "," 1,396,579 "," 1,463,124 "," 1,540,713 "," 1,174,910 "," 1,186,153 "," 1,362,050 "," 1,094,986 "," 1,114,404 "," 1,075,311 "," 1,273,169 "," 881,601 "," 890,755 "," 726,925 "," 607,563 "," 624,854 "," 583,383 "," 454,347 "," 412,605 "," 561,230,531 "
Jun," 154,985,479 "," 28,518,175 "," 27,583,891 "," 25,064,898 "," 18,946,771 "," 16,517,486 "," 15,842,803 "," 13,199,079 "," 13,888,884 "," 9,312,375 "," 6,064,602 "," 5,246,816 "," 4,806,245 "," 4,955,571 "," 4,108,102 "," 3,414,655 "," 3,330,740 "," 3,471,366 "," 3,547,228 "," 3,054,260 "," 3,002,898 "," 2,661,089 "," 2,591,285 "," 2,504,925 "," 2,661,238 "," 2,027,818 "," 1,816,616 "," 1,960,165 "," 1,677,538 "," 1,775,687 "," 1,635,289 "," 1,555,919 "," 1,530,845 "," 1,321,551 "," 1,255,979 "," 1,148,049 "," 1,218,218 "," 1,125,643 "," 1,093,334 "," 890,563 "," 880,917 "," 1,057,343 "," 788,928 "," 890,610 "," 754,040 "," 773,395 "," 644,129 "," 712,403 "," 452,893 "," 396,078 "," 477,947 "," 412,682 "," 439,917 "," 332,799 "," 410,328,154 "
Jul," 176,758,565 "," 31,122,741 "," 33,050,216 "," 28,865,723 "," 20,955,748 "," 19,573,740 "," 17,452,420 "," 15,805,262 "," 16,277,709 "," 9,932,716 "," 6,131,291 "," 6,006,045 "," 5,329,828 "," 4,767,678 "," 4,413,370 "," 3,919,481 "," 4,300,685 "," 3,912,270 "," 3,786,063 "," 3,373,794 "," 3,298,421 "," 2,996,138 "," 2,701,003 "," 2,873,829 "," 2,938,170 "," 2,482,701 "," 2,054,686 "," 2,472,687 "," 2,062,938 "," 1,773,024 "," 1,982,700 "," 1,940,574 "," 1,631,304 "," 1,415,611 "," 1,505,692 "," 1,475,727 "," 1,490,062 "," 1,427,067 "," 1,350,716 "," 1,080,816 "," 1,080,774 "," 1,426,397 "," 952,571 "," 739,526 "," 941,467 "," 933,235 "," 801,874 "," 737,304 "," 576,366 "," 499,610 "," 572,141 "," 459,507 "," 491,789 "," 373,570 "," 467,275,344 "
Aug," 139,879,341 "," 25,752,614 "," 26,458,532 "," 23,335,086 "," 16,998,604 "," 15,235,509 "," 12,713,315 "," 11,933,147 "," 13,103,421 "," 7,452,534 "," 5,182,632 "," 5,083,856 "," 4,258,904 "," 5,369,635 "," 3,276,183 "," 2,984,578 "," 3,600,684 "," 3,018,169 "," 2,633,838 "," 2,677,992 "," 2,518,238 "," 2,354,288 "," 2,332,597 "," 2,295,012 "," 2,331,902 "," 1,873,309 "," 1,686,750 "," 1,942,814 "," 1,601,061 "," 1,456,107 "," 1,540,542 "," 1,444,471 "," 1,233,053 "," 1,194,750 "," 1,193,850 "," 1,193,977 "," 1,149,039 "," 1,039,567 "," 1,087,294 "," 790,810 "," 811,567 "," 850,554 "," 680,720 "," 576,892 "," 687,708 "," 738,762 "," 632,087 "," 467,226 "," 391,707 "," 352,345 "," 457,421 "," 351,906 "," 331,225 "," 258,842 "," 370,796,967 "
Sep," 136,744,721 "," 24,240,387 "," 24,917,535 "," 25,109,313 "," 15,919,860 "," 15,139,884 "," 12,492,332 "," 12,045,099 "," 12,320,964 "," 6,880,311 "," 5,199,484 "," 5,328,694 "," 4,898,278 "," 4,087,665 "," 3,267,310 "," 3,234,282 "," 3,480,722 "," 3,142,905 "," 2,568,389 "," 2,704,217 "," 2,577,220 "," 2,457,531 "," 2,250,777 "," 2,126,859 "," 2,220,144 "," 1,760,444 "," 1,806,981 "," 1,407,436 "," 1,608,024 "," 1,341,183 "," 1,462,099 "," 1,437,571 "," 1,262,352 "," 1,144,024 "," 1,124,559 "," 1,098,666 "," 1,152,036 "," 995,244 "," 1,060,142 "," 950,814 "," 793,291 "," 673,650 "," 638,004 "," 562,331 "," 697,886 "," 738,316 "," 648,031 "," 490,048 "," 458,341 "," 348,679 "," 363,150 "," 338,008 "," 350,374 "," 236,708 "," 362,303,275 "
Oct," 135,775,521 "," 25,992,365 "," 23,480,940 "," 24,227,073 "," 15,387,638 "," 14,689,171 "," 13,215,177 "," 12,383,575 "," 12,103,163 "," 6,399,582 "," 4,598,420 "," 5,118,950 "," 4,769,579 "," 3,908,163 "," 3,362,850 "," 3,375,856 "," 2,965,686 "," 3,182,948 "," 2,500,452 "," 3,178,051 "," 3,200,787 "," 2,332,878 "," 2,243,905 "," 2,139,625 "," 2,250,660 "," 1,602,052 "," 1,636,068 "," 1,484,803 "," 1,596,450 "," 1,297,652 "," 1,379,876 "," 1,358,297 "," 1,336,406 "," 1,075,572 "," 1,281,146 "," 1,049,345 "," 1,398,482 "," 1,043,390 "," 1,029,084 "," 870,370 "," 906,641 "," 744,340 "," 729,079 "," 570,072 "," 719,697 "," 701,945 "," 632,327 "," 585,428 "," 493,105 "," 394,265 "," 405,937 "," 416,092 "," 407,631 "," 273,238 "," 360,201,804 "
Nov," 97,906,206 "," 18,883,114 "," 16,143,478 "," 17,173,311 "," 11,499,191 "," 10,732,157 "," 10,104,549 "," 8,451,480 "," 8,292,907 "," 4,918,927 "," 3,792,195 "," 3,642,146 "," 3,440,806 "," 3,813,741 "," 2,722,711 "," 2,274,071 "," 2,071,454 "," 2,256,006 "," 2,191,947 "," 1,917,350 "," 1,891,703 "," 1,782,174 "," 1,671,201 "," 1,448,471 "," 1,664,207 "," 1,134,144 "," 1,204,850 "," 1,131,151 "," 1,174,878 "," 1,056,247 "," 992,610 "," 970,978 "," 1,008,835 "," 823,199 "," 831,648 "," 740,181 "," 983,431 "," 714,647 "," 740,833 "," 596,951 "," 585,897 "," 501,959 "," 495,877 "," 454,062 "," 522,474 "," 514,312 "," 423,048 "," 327,595 "," 361,749 "," 269,529 "," 257,315 "," 301,298 "," 249,253 "," 154,880 "," 260,209,337 "
Dec," 124,987,140 "," 24,765,215 "," 21,427,876 "," 22,126,389 "," 13,953,398 "," 13,937,711 "," 13,141,446 "," 9,442,578 "," 10,897,136 "," 6,192,526 "," 4,620,349 "," 4,797,504 "," 4,577,259 "," 4,596,724 "," 3,186,319 "," 3,209,129 "," 2,596,796 "," 2,469,401 "," 2,770,274 "," 2,719,005 "," 2,467,644 "," 2,500,341 "," 2,062,392 "," 1,963,336 "," 1,902,233 "," 1,579,815 "," 1,365,043 "," 1,472,245 "," 1,671,756 "," 1,543,651 "," 1,154,248 "," 1,361,072 "," 1,271,719 "," 1,027,466 "," 866,433 "," 851,366 "," 1,185,714 "," 744,651 "," 800,275 "," 729,048 "," 628,257 "," 526,463 "," 551,479 "," 710,317 "," 672,881 "," 686,568 "," 437,895 "," 359,591 "," 399,017 "," 390,120 "," 333,529 "," 311,772 "," 319,036 "," 186,203 "," 331,447,752 "
2017," 1,864,693,563 "," 345,054,416 "," 317,644,528 "," 325,422,616 "," 224,647,301 "," 196,737,252 "," 189,353,866 "," 165,553,551 "," 158,481,174 "," 100,280,031 "," 74,850,673 "," 66,240,983 "," 69,093,093 "," 61,170,534 "," 47,389,589 "," 42,559,077 "," 41,871,503 "," 41,015,634 "," 40,980,754 "," 36,899,454 "," 35,027,566 "," 30,880,231 "," 30,610,672 "," 27,194,292 "," 28,815,120 "," 23,192,429 "," 22,271,245 "," 22,660,291 "," 20,550,137 "," 20,512,424 "," 19,968,967 "," 18,811,402 "," 17,433,833 "," 15,322,604 "," 16,028,648 "," 14,326,502 "," 15,146,678 "," 13,646,924 "," 13,144,318 "," 12,938,645 "," 11,895,590 "," 8,988,123 "," 10,001,201 "," 8,754,458 "," 10,240,213 "," 9,193,288 "," 8,085,612 "," 7,740,306 "," 6,848,629 "," 5,260,109 "," 5,231,582 "," 5,151,528 "," 4,760,561 "," 3,731,978 "," 4,934,305,699 "
Jan," 201,461,887 "," 38,821,215 "," 37,480,004 "," 33,344,727 "," 22,268,759 "," 21,435,316 "," 21,273,804 "," 16,356,781 "," 18,958,474 "," 10,481,282 "," 7,069,711 "," 6,774,933 "," 7,013,688 "," 6,817,762 "," 5,004,236 "," 4,566,796 "," 4,941,737 "," 4,107,462 "," 4,274,111 "," 4,322,157 "," 4,446,587 "," 3,330,938 "," 3,113,700 "," 3,268,660 "," 3,124,352 "," 2,578,388 "," 2,156,233 "," 2,307,366 "," 2,380,852 "," 2,397,348 "," 2,015,728 "," 1,983,373 "," 1,938,367 "," 1,563,958 "," 1,541,879 "," 1,470,949 "," 1,719,736 "," 1,358,639 "," 1,335,880 "," 1,265,426 "," 1,142,784 "," 858,305 "," 1,070,489 "," 1,146,480 "," 1,039,804 "," 1,070,695 "," 783,879 "," 771,679 "," 772,900 "," 571,539 "," 543,588 "," 612,484 "," 512,234 "," 362,969 "," 533,333,033 "
Feb," 178,173,517 "," 33,610,698 "," 31,333,222 "," 29,771,515 "," 20,688,467 "," 19,366,252 "," 18,528,294 "," 14,865,721 "," 15,511,025 "," 10,009,348 "," 7,423,414 "," 5,827,729 "," 6,287,074 "," 6,185,633 "," 4,608,576 "," 3,802,689 "," 4,162,496 "," 3,706,621 "," 4,060,390 "," 3,778,714 "," 3,582,731 "," 3,099,248 "," 2,754,266 "," 2,670,299 "," 2,806,440 "," 2,188,760 "," 2,107,674 "," 2,060,735 "," 2,064,009 "," 2,233,719 "," 1,882,039 "," 1,731,857 "," 1,814,581 "," 1,468,536 "," 1,401,758 "," 1,457,926 "," 1,455,221 "," 1,197,443 "," 1,149,521 "," 1,133,567 "," 1,042,057 "," 708,729 "," 900,229 "," 963,148 "," 953,567 "," 941,417 "," 712,310 "," 572,250 "," 482,374 "," 483,123 "," 472,880 "," 513,221 "," 457,195 "," 302,975 "," 471,467,200 "
Mar," 135,677,135 "," 28,038,276 "," 22,079,038 "," 22,940,353 "," 16,873,265 "," 12,815,107 "," 12,965,739 "," 13,067,400 "," 11,274,963 "," 6,897,957 "," 5,390,057 "," 4,819,994 "," 4,309,529 "," 5,364,524 "," 3,589,779 "," 2,855,959 "," 2,627,946 "," 3,197,251 "," 2,857,330 "," 3,162,703 "," 3,155,012 "," 1,971,912 "," 2,279,922 "," 1,928,236 "," 1,963,966 "," 1,558,132 "," 1,619,642 "," 1,640,406 "," 1,241,961 "," 1,305,820 "," 1,373,597 "," 1,150,491 "," 1,382,002 "," 1,211,997 "," 1,173,507 "," 975,347 "," 1,170,044 "," 1,049,098 "," 1,054,846 "," 1,190,347 "," 870,442 "," 503,127 "," 674,545 "," 571,076 "," 675,866 "," 583,338 "," 629,387 "," 628,391 "," 547,730 "," 388,893 "," 428,037 "," 486,379 "," 403,310 "," 312,271 "," 358,903,382 "
Apr," 185,292,137 "," 35,686,952 "," 29,907,497 "," 35,737,818 "," 21,632,372 "," 18,507,144 "," 17,430,478 "," 16,282,239 "," 15,874,761 "," 10,107,636 "," 6,763,712 "," 7,263,043 "," 8,024,457 "," 6,186,183 "," 5,030,861 "," 3,977,168 "," 3,600,133 "," 3,884,708 "," 3,903,376 "," 4,075,699 "," 3,995,068 "," 2,929,390 "," 3,004,461 "," 2,457,139 "," 2,702,186 "," 1,982,256 "," 2,029,750 "," 2,236,559 "," 1,899,591 "," 1,624,877 "," 1,928,357 "," 1,768,678 "," 1,910,475 "," 1,461,458 "," 1,531,664 "," 1,297,238 "," 1,306,955 "," 1,407,530 "," 1,296,964 "," 1,313,795 "," 1,134,819 "," 822,309 "," 984,767 "," 774,492 "," 1,065,208 "," 868,640 "," 833,869 "," 856,402 "," 734,746 "," 492,751 "," 516,521 "," 562,857 "," 511,635 "," 402,745 "," 489,814,530 "
May," 160,638,753 "," 30,569,622 "," 26,762,102 "," 27,725,513 "," 18,853,981 "," 16,789,490 "," 16,791,257 "," 14,523,172 "," 14,411,999 "," 8,623,616 "," 6,190,114 "," 5,570,356 "," 5,963,188 "," 5,226,984 "," 4,380,391 "," 3,644,575 "," 3,013,238 "," 3,454,132 "," 3,490,703 "," 3,482,277 "," 3,300,133 "," 2,778,114 "," 2,547,455 "," 2,251,275 "," 2,421,541 "," 1,879,688 "," 1,764,240 "," 1,853,135 "," 1,743,212 "," 1,797,852 "," 1,688,634 "," 1,621,472 "," 1,624,775 "," 1,291,004 "," 1,355,815 "," 1,220,422 "," 1,485,261 "," 1,223,915 "," 1,100,374 "," 1,176,385 "," 1,026,013 "," 887,274 "," 955,544 "," 725,954 "," 889,632 "," 774,080 "," 757,272 "," 651,209 "," 705,158 "," 452,092 "," 459,787 "," 465,044 "," 419,851 "," 331,464 "," 425,730,542 "
Jun," 155,101,164 "," 29,110,593 "," 27,017,832 "," 27,657,223 "," 17,157,695 "," 15,841,231 "," 16,667,148 "," 13,074,398 "," 14,769,367 "," 8,575,045 "," 5,902,749 "," 5,579,380 "," 5,908,746 "," 5,210,936 "," 4,311,084 "," 3,588,340 "," 2,883,787 "," 3,004,756 "," 3,476,812 "," 3,141,610 "," 2,922,366 "," 2,453,481 "," 2,390,173 "," 2,326,631 "," 2,385,470 "," 1,836,315 "," 1,660,658 "," 1,669,848 "," 1,546,784 "," 1,829,920 "," 1,645,968 "," 1,544,672 "," 1,517,640 "," 1,182,166 "," 1,211,336 "," 1,153,966 "," 1,413,311 "," 1,053,588 "," 984,660 "," 1,083,600 "," 898,622 "," 831,589 "," 904,108 "," 713,529 "," 972,176 "," 717,901 "," 639,921 "," 526,187 "," 498,324 "," 472,542 "," 375,749 "," 419,257 "," 393,576 "," 254,721 "," 410,410,651 "
Jul," 179,955,080 "," 33,848,735 "," 29,974,347 "," 31,500,372 "," 21,921,176 "," 18,260,136 "," 18,788,662 "," 15,613,954 "," 14,801,900 "," 10,047,696 "," 7,050,664 "," 6,604,026 "," 6,411,206 "," 5,602,756 "," 4,775,491 "," 4,252,698 "," 3,782,476 "," 3,565,763 "," 4,302,367 "," 3,775,004 "," 3,197,569 "," 2,774,928 "," 3,072,344 "," 2,588,268 "," 2,701,116 "," 2,449,387 "," 2,050,041 "," 2,377,227 "," 1,728,825 "," 1,991,734 "," 1,990,912 "," 1,800,067 "," 1,712,089 "," 1,390,976 "," 1,520,173 "," 1,329,938 "," 1,351,940 "," 1,345,085 "," 1,203,696 "," 1,238,154 "," 1,128,490 "," 973,462 "," 931,036 "," 835,480 "," 1,025,271 "," 855,974 "," 777,439 "," 797,321 "," 603,199 "," 531,070 "," 483,870 "," 487,728 "," 451,414 "," 372,976 "," 474,903,710 "
Aug," 128,238,409 "," 22,465,937 "," 20,922,087 "," 23,152,480 "," 16,131,164 "," 13,363,493 "," 13,218,663 "," 11,849,587 "," 10,280,738 "," 7,134,999 "," 5,029,361 "," 4,854,190 "," 4,845,435 "," 3,452,781 "," 3,207,082 "," 3,128,535 "," 2,783,149 "," 2,901,300 "," 2,703,546 "," 2,321,311 "," 2,099,813 "," 2,004,912 "," 2,246,354 "," 1,761,875 "," 2,045,938 "," 1,631,095 "," 1,600,438 "," 1,683,776 "," 1,275,887 "," 1,448,780 "," 1,444,330 "," 1,310,570 "," 1,107,498 "," 1,026,983 "," 1,205,274 "," 964,090 "," 1,098,478 "," 936,292 "," 958,240 "," 987,795 "," 878,176 "," 677,579 "," 713,705 "," 557,763 "," 763,448 "," 618,588 "," 511,672 "," 632,541 "," 459,566 "," 370,742 "," 386,046 "," 316,470 "," 333,474 "," 290,557 "," 338,332,990 "
Sep," 107,595,048 "," 17,218,486 "," 17,707,160 "," 19,145,387 "," 14,604,165 "," 11,652,122 "," 10,639,078 "," 10,594,456 "," 8,045,978 "," 6,034,195 "," 4,876,033 "," 4,059,235 "," 3,985,984 "," 2,919,876 "," 2,525,511 "," 2,300,675 "," 2,761,024 "," 2,916,546 "," 2,418,169 "," 1,592,104 "," 1,698,990 "," 1,655,924 "," 2,053,449 "," 1,480,530 "," 1,765,311 "," 1,421,440 "," 1,598,969 "," 1,241,302 "," 1,151,647 "," 1,035,474 "," 1,281,845 "," 1,109,671 "," 836,853 "," 990,136 "," 1,114,276 "," 896,671 "," 841,819 "," 862,849 "," 878,634 "," 726,866 "," 807,889 "," 638,419 "," 580,977 "," 486,369 "," 539,181 "," 553,211 "," 488,603 "," 573,530 "," 452,144 "," 302,382 "," 334,813 "," 263,656 "," 259,201 "," 265,273 "," 284,779,536 "
Oct," 136,697,530 "," 23,023,191 "," 22,858,593 "," 24,408,341 "," 17,875,225 "," 16,130,369 "," 12,498,864 "," 12,840,208 "," 10,324,922 "," 7,062,737 "," 6,296,145 "," 4,909,067 "," 5,319,208 "," 3,888,709 "," 3,195,491 "," 3,219,536 "," 3,698,214 "," 3,583,770 "," 2,858,845 "," 2,387,589 "," 2,189,565 "," 2,579,119 "," 2,416,029 "," 1,960,490 "," 2,206,119 "," 1,758,460 "," 1,993,190 "," 1,586,280 "," 1,864,226 "," 1,279,774 "," 1,546,547 "," 1,615,303 "," 1,067,361 "," 1,280,268 "," 1,289,390 "," 1,349,083 "," 1,008,794 "," 1,068,755 "," 1,102,147 "," 880,718 "," 936,743 "," 670,031 "," 675,576 "," 560,215 "," 658,504 "," 776,600 "," 620,315 "," 561,282 "," 542,618 "," 358,510 "," 362,383 "," 337,804 "," 333,302 "," 265,904 "," 362,777,957 "
Nov," 122,366,787 "," 22,705,234 "," 20,981,460 "," 21,076,792 "," 15,233,790 "," 13,136,008 "," 12,350,868 "," 10,670,669 "," 10,119,699 "," 6,211,967 "," 5,264,983 "," 4,128,876 "," 4,844,661 "," 4,859,880 "," 2,881,991 "," 3,094,388 "," 3,024,242 "," 2,799,774 "," 2,272,688 "," 2,050,377 "," 1,784,623 "," 2,107,782 "," 2,082,591 "," 1,772,817 "," 1,997,682 "," 1,515,799 "," 1,554,198 "," 1,640,475 "," 1,434,118 "," 1,510,397 "," 1,267,048 "," 1,265,856 "," 1,081,798 "," 1,009,343 "," 1,041,413 "," 925,974 "," 1,098,970 "," 843,984 "," 868,342 "," 803,073 "," 762,521 "," 597,108 "," 720,131 "," 481,329 "," 746,492 "," 574,915 "," 537,662 "," 486,617 "," 429,657 "," 330,536 "," 356,351 "," 290,372 "," 286,575 "," 237,625 "," 324,519,309 "
Dec," 173,496,117 "," 29,955,478 "," 30,621,187 "," 28,962,095 "," 21,407,240 "," 19,440,585 "," 18,201,012 "," 15,814,965 "," 14,107,348 "," 9,093,556 "," 7,593,729 "," 5,850,153 "," 6,179,918 "," 5,454,510 "," 3,879,096 "," 4,127,717 "," 4,593,061 "," 3,893,551 "," 4,362,418 "," 2,809,909 "," 2,655,108 "," 3,194,483 "," 2,649,927 "," 2,728,073 "," 2,695,001 "," 2,392,708 "," 2,136,211 "," 2,363,181 "," 2,219,027 "," 2,056,729 "," 1,903,962 "," 1,909,392 "," 1,440,391 "," 1,445,780 "," 1,642,162 "," 1,284,898 "," 1,196,149 "," 1,299,745 "," 1,211,014 "," 1,138,920 "," 1,267,034 "," 820,191 "," 890,093 "," 938,622 "," 911,064 "," 857,929 "," 793,280 "," 682,896 "," 620,213 "," 505,931 "," 511,555 "," 396,257 "," 398,794 "," 332,498 "," 459,332,860 "
2018," 523,632,254 "," 92,477,085 "," 83,741,309 "," 91,303,709 "," 66,323,537 "," 60,284,471 "," 53,160,678 "," 48,313,392 "," 38,052,378 "," 28,028,073 "," 23,729,255 "," 18,171,745 "," 19,982,517 "," 18,012,806 "," 11,800,821 "," 11,845,353 "," 12,983,259 "," 12,158,903 "," 11,614,232 "," 8,397,790 "," 7,941,094 "," 9,741,421 "," 8,637,006 "," 6,673,850 "," 8,231,422 "," 6,867,750 "," 6,567,237 "," 6,636,169 "," 6,642,055 "," 6,022,957 "," 5,836,081 "," 5,914,939 "," 4,493,632 "," 4,487,741 "," 4,788,895 "," 4,063,961 "," 3,598,287 "," 3,994,823 "," 3,901,812 "," 3,512,353 "," 3,585,890 "," 2,537,660 "," 2,908,675 "," 2,569,463 "," 2,843,900 "," 2,708,404 "," 2,490,770 "," 2,123,818 "," 1,901,520 "," 1,471,561 "," 1,541,986 "," 1,225,893 "," 1,214,760 "," 1,046,988 "," 1,382,738,340 "
Jan," 162,729,515 "," 28,877,793 "," 25,153,697 "," 27,451,309 "," 21,194,178 "," 18,316,088 "," 17,146,513 "," 15,461,694 "," 11,067,367 "," 9,128,242 "," 7,333,013 "," 5,440,743 "," 6,064,767 "," 5,343,371 "," 3,870,570 "," 3,746,749 "," 4,164,493 "," 4,056,382 "," 3,668,744 "," 2,505,240 "," 2,538,433 "," 2,882,759 "," 3,135,741 "," 2,005,989 "," 2,648,431 "," 2,062,521 "," 2,002,821 "," 2,062,536 "," 1,998,166 "," 1,905,341 "," 1,839,470 "," 1,745,171 "," 1,417,391 "," 1,540,894 "," 1,508,416 "," 1,239,761 "," 1,216,650 "," 1,271,347 "," 1,262,005 "," 1,120,508 "," 1,146,898 "," 841,269 "," 970,827 "," 853,008 "," 892,914 "," 815,164 "," 763,116 "," 682,148 "," 579,561 "," 472,261 "," 441,900 "," 397,803 "," 400,114 "," 325,281 "," 429,707,084 "
Feb," 188,381,335 "," 33,305,520 "," 31,445,377 "," 33,600,228 "," 23,445,227 "," 21,462,638 "," 19,165,281 "," 16,237,591 "," 14,547,222 "," 9,719,473 "," 8,820,238 "," 6,582,724 "," 7,590,367 "," 6,329,168 "," 4,205,552 "," 4,312,531 "," 4,758,219 "," 3,945,429 "," 4,386,338 "," 3,086,170 "," 2,854,343 "," 3,522,282 "," 2,715,727 "," 2,477,371 "," 2,859,667 "," 2,571,255 "," 2,518,451 "," 2,361,201 "," 2,383,779 "," 2,207,124 "," 1,997,291 "," 2,126,266 "," 1,664,652 "," 1,447,915 "," 1,593,537 "," 1,524,019 "," 1,227,568 "," 1,343,789 "," 1,360,501 "," 1,182,396 "," 1,195,799 "," 888,158 "," 1,011,565 "," 960,632 "," 971,673 "," 998,361 "," 860,315 "," 682,712 "," 678,401 "," 512,412 "," 549,318 "," 430,847 "," 425,981 "," 346,257 "," 497,778,196 "
Mar," 172,521,404 "," 30,293,772 "," 27,142,235 "," 30,252,172 "," 21,684,132 "," 20,505,744 "," 16,848,884 "," 16,614,107 "," 12,437,789 "," 9,180,358 "," 7,576,004 "," 6,148,278 "," 6,327,383 "," 6,340,266 "," 3,724,699 "," 3,786,074 "," 4,060,548 "," 4,157,091 "," 3,559,150 "," 2,806,380 "," 2,548,317 "," 3,336,380 "," 2,785,538 "," 2,190,490 "," 2,723,325 "," 2,233,974 "," 2,045,965 "," 2,212,431 "," 2,260,110 "," 1,910,493 "," 1,999,321 "," 2,043,502 "," 1,411,589 "," 1,498,932 "," 1,686,942 "," 1,300,180 "," 1,154,069 "," 1,379,687 "," 1,279,306 "," 1,209,450 "," 1,243,192 "," 808,232 "," 926,282 "," 755,824 "," 979,313 "," 894,879 "," 867,339 "," 758,958 "," 643,557 "," 486,888 "," 550,769 "," 397,243 "," 388,665 "," 375,449 "," 455,253,060 "
Grand Total," 5,864,740,182 "," 1,086,779,156 "," 1,028,981,653 "," 1,011,279,619 "," 713,280,910 "," 615,238,409 "," 589,642,549 "," 508,349,357 "," 507,896,548 "," 311,188,529 "," 240,734,128 "," 208,419,287 "," 203,167,868 "," 195,643,313 "," 144,521,840 "," 138,902,536 "," 135,830,192 "," 134,713,919 "," 133,702,339 "," 110,552,212 "," 109,214,178 "," 97,673,224 "," 97,273,985 "," 89,791,920 "," 88,605,119 "," 75,163,747 "," 71,838,798 "," 71,532,894 "," 66,004,539 "," 63,422,419 "," 60,753,773 "," 58,660,704 "," 54,376,906 "," 50,670,537 "," 48,202,732 "," 45,695,137 "," 44,522,008 "," 42,230,851 "," 41,808,859 "," 35,612,089 "," 35,555,544 "," 32,072,833 "," 30,263,391 "," 30,211,736 "," 29,993,361 "," 28,790,005 "," 25,042,011 "," 22,962,470 "," 18,806,346 "," 16,097,002 "," 16,067,800 "," 15,565,275 "," 14,413,188 "," 10,942,668 "," 15,523,402,593 "